{"case_sensitive": false, "default_role": null, "roles": {"root": {"white_permissions_list": ["**", "ncatbot.sm", "**", "ncatbot.sm", "**", "ncatbot.sm", "**", "ncatbot.sm", "**", "ncatbot.sm", "**", "ncatbot.sm", "**", "ncatbot.sm", "**", "ncatbot.sm", "**", "ncatbot.sm", "**", "ncatbot.sm", "**", "ncatbot.sm", "**", "ncatbot.sm", "**", "ncatbot.sm", "**", "ncatbot.sm", "**", "ncatbot.sm", "**", "ncatbot.sm", "**", "ncatbot.sm", "**", "ncatbot.sm", "**", "ncatbot.sm", "**", "ncatbot.sm", "**", "ncatbot.sm", "**", "ncatbot.sm", "**", "ncatbot.sm", "**", "ncatbot.sm", "**", "ncatbot.sm", "**", "ncatbot.sm", "**", "ncatbot.sm", "**", "ncatbot.sm", "**", "ncatbot.sm", "**", "ncatbot.sm", "**", "ncatbot.sm", "**", "ncatbot.sm", "**", "ncatbot.sm", "**", "ncatbot.sm"], "black_permissions_list": []}, "admin": {"white_permissions_list": ["ncatbot.plg", "ncatbot.acs", "ncatbot.cfg.**", "ncatbot.reload", "ncatbot.plg", "ncatbot.acs", "ncatbot.cfg.**", "ncatbot.reload", "AdminPlugin.op", "AdminPlugin.deop", "ncatbot.plg", "ncatbot.acs", "ncatbot.cfg.**", "ncatbot.reload", "ncatbot.plg", "ncatbot.acs", "ncatbot.cfg.**", "ncatbot.reload", "AdminPlugin.op", "AdminPlugin.deop", "ncatbot.plg", "ncatbot.acs", "ncatbot.cfg.**", "ncatbot.reload", "AdminPlugin.op", "AdminPlugin.deop", "Hulaquan.\u5f00\u542f/\u5173\u95ed\u547c\u5566\u5708\u5b9a\u65f6\u67e5\u8be2\u66f4\u65b0\u6570\u636e", "ncatbot.cfg.Hulaquan.scheduled_task_time", "ncatbot.cfg.Hulaquan.scheduled_task_switch", "ncatbot.plg", "ncatbot.acs", "ncatbot.cfg.**", "ncatbot.reload", "AdminPlugin.op", "AdminPlugin.deop", "Hulaquan.\u5f00\u542f/\u5173\u95ed\u547c\u5566\u5708\u5b9a\u65f6\u67e5\u8be2\u66f4\u65b0\u6570\u636e", "ncatbot.cfg.Hulaquan.scheduled_task_time", "ncatbot.cfg.Hulaquan.scheduled_task_switch", "ncatbot.plg", "ncatbot.acs", "ncatbot.cfg.**", "ncatbot.reload", "AdminPlugin.op", "AdminPlugin.deop", "Hulaquan.\u5f00\u542f/\u5173\u95ed\u547c\u5566\u5708\u5b9a\u65f6\u67e5\u8be2\u66f4\u65b0\u6570\u636e", "ncatbot.cfg.Hulaquan.scheduled_task_time", "ncatbot.cfg.Hulaquan.scheduled_task_switch", "ncatbot.plg", "ncatbot.acs", "ncatbot.cfg.**", "ncatbot.reload", "AdminPlugin.op", "AdminPlugin.deop", "ncatbot.plg", "ncatbot.acs", "ncatbot.cfg.**", "ncatbot.reload", "AdminPlugin.op", "AdminPlugin.deop", "Hulaquan.\u5f00\u542f/\u5173\u95ed\u547c\u5566\u5708\u5b9a\u65f6\u67e5\u8be2\u66f4\u65b0\u6570\u636e", "ncatbot.cfg.Hulaquan.scheduled_task_time", "ncatbot.cfg.Hulaquan.scheduled_task_switch", "Hulaquan.\u5f00\u542f/\u5173\u95ed\u547c\u5566\u5708\u5b9a\u65f6\u67e5\u8be2\u66f4\u65b0\u6570\u636e", "ncatbot.cfg.Hulaquan.scheduled_task_time", "ncatbot.cfg.Hulaquan.scheduled_task_switch", "ncatbot.plg", "ncatbot.acs", "ncatbot.cfg.**", "ncatbot.reload", "AdminPlugin.op", "AdminPlugin.deop", "Hulaquan.\u5f00\u542f/\u5173\u95ed\u547c\u5566\u5708\u5b9a\u65f6\u67e5\u8be2\u66f4\u65b0\u6570\u636e", "ncatbot.cfg.Hulaquan.scheduled_task_time", "ncatbot.cfg.Hulaquan.scheduled_task_switch", "AdminPlugin.op", "AdminPlugin.exec", "AdminPlugin.debug", "AdminPlugin.deop", "AdminPlugin.op", "AdminPlugin.exec", "AdminPlugin.debug", "AdminPlugin.deop", "AdminPlugin.op", "AdminPlugin.exec", "AdminPlugin.debug", "AdminPlugin.deop", "ncatbot.plg", "ncatbot.acs", "ncatbot.cfg.**", "ncatbot.reload", "AdminPlugin.op", "AdminPlugin.exec", "AdminPlugin.debug", "AdminPlugin.deop", "Hulaquan.\u5f00\u542f/\u5173\u95ed\u547c\u5566\u5708\u5b9a\u65f6\u67e5\u8be2\u66f4\u65b0\u6570\u636e", "ncatbot.cfg.Hulaquan.scheduled_task_time", "AdminPlugin.op", "AdminPlugin.exec", "AdminPlugin.debug", "AdminPlugin.deop", "ncatbot.plg", "ncatbot.acs", "ncatbot.cfg.**", "ncatbot.reload", "AdminPlugin.op", "AdminPlugin.exec", "AdminPlugin.debug", "AdminPlugin.deop", "Hulaquan.\u5f00\u542f/\u5173\u95ed\u547c\u5566\u5708\u5b9a\u65f6\u67e5\u8be2\u66f4\u65b0\u6570\u636e", "ncatbot.cfg.Hulaquan.scheduled_task_time", "Hulaquan.\u5f00\u542f/\u5173\u95ed\u547c\u5566\u5708\u5b9a\u65f6\u67e5\u8be2\u66f4\u65b0\u6570\u636e", "ncatbot.cfg.Hulaquan.scheduled_task_time", "Hulaquan.\u5f00\u542f/\u5173\u95ed\u547c\u5566\u5708\u5b9a\u65f6\u67e5\u8be2\u66f4\u65b0\u6570\u636e", "ncatbot.cfg.Hulaquan.scheduled_task_time", "ncatbot.plg", "ncatbot.acs", "ncatbot.cfg.**", "ncatbot.reload", "AdminPlugin.op", "AdminPlugin.exec", "AdminPlugin.debug", "AdminPlugin.deop", "Hulaquan.\u5f00\u542f/\u5173\u95ed\u547c\u5566\u5708\u5b9a\u65f6\u67e5\u8be2\u66f4\u65b0\u6570\u636e", "ncatbot.cfg.Hulaquan.scheduled_task_time", "ncatbot.plg", "ncatbot.acs", "ncatbot.cfg.**", "ncatbot.reload", "AdminPlugin.op", "AdminPlugin.exec", "AdminPlugin.debug", "AdminPlugin.deop", "ncatbot.plg", "ncatbot.acs", "ncatbot.cfg.**", "ncatbot.reload", "AdminPlugin.op", "AdminPlugin.exec", "AdminPlugin.debug", "AdminPlugin.deop", "Hulaquan.\u5f00\u542f/\u5173\u95ed\u547c\u5566\u5708\u5b9a\u65f6\u67e5\u8be2\u66f4\u65b0\u6570\u636e", "ncatbot.cfg.Hulaquan.scheduled_task_time", "ncatbot.plg", "ncatbot.acs", "ncatbot.cfg.**", "ncatbot.reload", "ncatbot.plg", "ncatbot.acs", "ncatbot.cfg.**", "ncatbot.reload", "ncatbot.plg", "ncatbot.acs", "ncatbot.cfg.**", "ncatbot.reload", "AdminPlugin.op", "AdminPlugin.exec", "AdminPlugin.debug", "AdminPlugin.deop", "Hulaquan.\u5f00\u542f/\u5173\u95ed\u547c\u5566\u5708\u5b9a\u65f6\u67e5\u8be2\u66f4\u65b0\u6570\u636e", "ncatbot.cfg.Hulaquan.scheduled_task_time", "Hulaquan.\u5f00\u542f/\u5173\u95ed\u547c\u5566\u5708\u5b9a\u65f6\u67e5\u8be2\u66f4\u65b0\u6570\u636e", "ncatbot.cfg.Hulaquan.scheduled_task_time", "Hulaquan.\u5f00\u542f/\u5173\u95ed\u547c\u5566\u5708\u5b9a\u65f6\u67e5\u8be2\u66f4\u65b0\u6570\u636e", "ncatbot.cfg.Hulaquan.scheduled_task_time", "ncatbot.plg", "ncatbot.acs", "ncatbot.cfg.**", "ncatbot.reload", "AdminPlugin.op", "AdminPlugin.exec", "AdminPlugin.debug", "AdminPlugin.deop", "Hulaquan.\u5f00\u542f/\u5173\u95ed\u547c\u5566\u5708\u5b9a\u65f6\u67e5\u8be2\u66f4\u65b0\u6570\u636e", "ncatbot.cfg.Hulaquan.scheduled_task_time", "ncatbot.plg", "ncatbot.acs", "ncatbot.cfg.**", "ncatbot.reload", "AdminPlugin.op", "AdminPlugin.exec", "AdminPlugin.debug", "AdminPlugin.deop", "Hulaquan.\u5f00\u542f/\u5173\u95ed\u547c\u5566\u5708\u5b9a\u65f6\u67e5\u8be2\u66f4\u65b0\u6570\u636e", "ncatbot.cfg.Hulaquan.scheduled_task_time", "ncatbot.plg", "ncatbot.acs", "ncatbot.cfg.**", "ncatbot.reload", "AdminPlugin.op", "AdminPlugin.exec", "AdminPlugin.debug", "AdminPlugin.deop", "Hulaquan.\u5f00\u542f/\u5173\u95ed\u547c\u5566\u5708\u5b9a\u65f6\u67e5\u8be2\u66f4\u65b0\u6570\u636e", "ncatbot.cfg.Hulaquan.scheduled_task_time", "ncatbot.plg", "ncatbot.acs", "ncatbot.cfg.**", "ncatbot.reload", "AdminPlugin.op", "AdminPlugin.exec", "AdminPlugin.debug", "AdminPlugin.deop", "Hulaquan.\u5f00\u542f/\u5173\u95ed\u547c\u5566\u5708\u5b9a\u65f6\u67e5\u8be2\u66f4\u65b0\u6570\u636e", "ncatbot.cfg.Hulaquan.scheduled_task_time", "ncatbot.plg", "ncatbot.acs", "ncatbot.cfg.**", "ncatbot.reload", "AdminPlugin.op", "AdminPlugin.exec", "AdminPlugin.debug", "AdminPlugin.deop", "Hulaquan.\u5f00\u542f/\u5173\u95ed\u547c\u5566\u5708\u5b9a\u65f6\u67e5\u8be2\u66f4\u65b0\u6570\u636e", "ncatbot.cfg.Hulaquan.scheduled_task_time", "Hulaquan.\u5f00\u542f/\u5173\u95ed\u547c\u5566\u5708\u5b9a\u65f6\u67e5\u8be2\u66f4\u65b0\u6570\u636e", "ncatbot.cfg.Hulaquan.scheduled_task_time", "Hulaquan.\u5f00\u542f/\u5173\u95ed\u547c\u5566\u5708\u5b9a\u65f6\u67e5\u8be2\u66f4\u65b0\u6570\u636e", "ncatbot.cfg.Hulaquan.scheduled_task_time", "Hulaquan.\u5f00\u542f/\u5173\u95ed\u547c\u5566\u5708\u5b9a\u65f6\u67e5\u8be2\u66f4\u65b0\u6570\u636e", "ncatbot.cfg.Hulaquan.scheduled_task_time", "ncatbot.plg", "ncatbot.acs", "ncatbot.cfg.**", "ncatbot.reload", "AdminPlugin.op", "AdminPlugin.exec", "AdminPlugin.debug", "AdminPlugin.deop", "Hulaquan.\u5f00\u542f/\u5173\u95ed\u547c\u5566\u5708\u5b9a\u65f6\u67e5\u8be2\u66f4\u65b0\u6570\u636e", "ncatbot.cfg.Hulaquan.scheduled_task_time", "ncatbot.plg", "ncatbot.acs", "ncatbot.cfg.**", "ncatbot.reload", "AdminPlugin.op", "AdminPlugin.exec", "AdminPlugin.debug", "AdminPlugin.deop", "Hulaquan.\u5f00\u542f/\u5173\u95ed\u547c\u5566\u5708\u5b9a\u65f6\u67e5\u8be2\u66f4\u65b0\u6570\u636e", "ncatbot.cfg.Hulaquan.scheduled_task_time", "Hulaquan.\u5f00\u542f/\u5173\u95ed\u547c\u5566\u5708\u5b9a\u65f6\u67e5\u8be2\u66f4\u65b0\u6570\u636e", "ncatbot.cfg.Hulaquan.scheduled_task_time", "Hulaquan.\u5f00\u542f/\u5173\u95ed\u547c\u5566\u5708\u5b9a\u65f6\u67e5\u8be2\u66f4\u65b0\u6570\u636e", "ncatbot.cfg.Hulaquan.scheduled_task_time", "ncatbot.plg", "ncatbot.acs", "ncatbot.cfg.**", "ncatbot.reload", "AdminPlugin.op", "AdminPlugin.exec", "AdminPlugin.debug", "AdminPlugin.deop", "ncatbot.plg", "ncatbot.acs", "ncatbot.cfg.**", "ncatbot.reload", "ncatbot.plg", "ncatbot.acs", "ncatbot.cfg.**", "ncatbot.reload", "AdminPlugin.op", "AdminPlugin.exec", "AdminPlugin.debug", "AdminPlugin.deop", "ncatbot.plg", "ncatbot.acs", "ncatbot.cfg.**", "ncatbot.reload", "AdminPlugin.op", "AdminPlugin.exec", "AdminPlugin.debug", "AdminPlugin.deop", "ncatbot.plg", "ncatbot.acs", "ncatbot.cfg.**", "ncatbot.reload", "AdminPlugin.op", "AdminPlugin.exec", "AdminPlugin.debug", "AdminPlugin.deop", "Hulaquan.\u5f00\u542f/\u5173\u95ed\u547c\u5566\u5708\u5b9a\u65f6\u67e5\u8be2\u66f4\u65b0\u6570\u636e", "ncatbot.cfg.Hulaquan.scheduled_task_time", "ncatbot.plg", "ncatbot.acs", "ncatbot.cfg.**", "ncatbot.reload", "AdminPlugin.op", "AdminPlugin.exec", "AdminPlugin.debug", "AdminPlugin.deop", "Hulaquan.\u5f00\u542f/\u5173\u95ed\u547c\u5566\u5708\u5b9a\u65f6\u67e5\u8be2\u66f4\u65b0\u6570\u636e", "ncatbot.cfg.Hulaquan.scheduled_task_time", "Hulaquan.\u5f00\u542f/\u5173\u95ed\u547c\u5566\u5708\u5b9a\u65f6\u67e5\u8be2\u66f4\u65b0\u6570\u636e", "ncatbot.cfg.Hulaquan.scheduled_task_time", "Hulaquan.\u5f00\u542f/\u5173\u95ed\u547c\u5566\u5708\u5b9a\u65f6\u67e5\u8be2\u66f4\u65b0\u6570\u636e", "ncatbot.cfg.Hulaquan.scheduled_task_time", "ncatbot.plg", "ncatbot.acs", "ncatbot.cfg.**", "ncatbot.reload", "AdminPlugin.op", "AdminPlugin.exec", "AdminPlugin.debug", "AdminPlugin.deop", "Hulaquan.\u5f00\u542f/\u5173\u95ed\u547c\u5566\u5708\u5b9a\u65f6\u67e5\u8be2\u66f4\u65b0\u6570\u636e", "ncatbot.cfg.Hulaquan.scheduled_task_time", "ncatbot.plg", "ncatbot.acs", "ncatbot.cfg.**", "ncatbot.reload", "AdminPlugin.op", "AdminPlugin.exec", "AdminPlugin.debug", "AdminPlugin.deop", "Hulaquan.\u5f00\u542f/\u5173\u95ed\u547c\u5566\u5708\u5b9a\u65f6\u67e5\u8be2\u66f4\u65b0\u6570\u636e", "ncatbot.cfg.Hulaquan.scheduled_task_time", "ncatbot.plg", "ncatbot.acs", "ncatbot.cfg.**", "ncatbot.reload", "AdminPlugin.op", "AdminPlugin.exec", "AdminPlugin.debug", "AdminPlugin.deop", "Hulaquan.\u5f00\u542f/\u5173\u95ed\u547c\u5566\u5708\u5b9a\u65f6\u67e5\u8be2\u66f4\u65b0\u6570\u636e", "ncatbot.cfg.Hulaquan.scheduled_task_time"], "black_permissions_list": []}, "user": {"white_permissions_list": ["ncatbot.help", "ncatbot.help", "ncatbot.help", "ncatbot.help", "ncatbot.help", "Hulaquan.\u6253\u5f00/\u5173\u95ed\u547c\u5566\u5708\u4e0a\u65b0\u63a8\u9001", "Hulaquan.\u547c\u5566\u5708\u67e5\u8be2", "Hulaquan.\u547c\u5566\u5708\u67e5\u8be2\u9644\u5361\u53f8", "ncatbot.help", "Hulaquan.\u6253\u5f00/\u5173\u95ed\u547c\u5566\u5708\u4e0a\u65b0\u63a8\u9001", "Hulaquan.\u547c\u5566\u5708\u67e5\u8be2", "Hulaquan.\u547c\u5566\u5708\u67e5\u8be2\u9644\u5361\u53f8", "ncatbot.help", "Hulaquan.\u6253\u5f00/\u5173\u95ed\u547c\u5566\u5708\u4e0a\u65b0\u63a8\u9001", "Hulaquan.\u547c\u5566\u5708\u67e5\u8be2", "Hulaquan.\u547c\u5566\u5708\u67e5\u8be2\u9644\u5361\u53f8", "ncatbot.help", "ncatbot.help", "Hulaquan.\u6253\u5f00/\u5173\u95ed\u547c\u5566\u5708\u4e0a\u65b0\u63a8\u9001", "Hulaquan.\u547c\u5566\u5708\u67e5\u8be2", "Hulaquan.\u547c\u5566\u5708\u67e5\u8be2\u9644\u5361\u53f8", "Hulaquan.\u6253\u5f00/\u5173\u95ed\u547c\u5566\u5708\u4e0a\u65b0\u63a8\u9001", "Hulaquan.\u547c\u5566\u5708\u67e5\u8be2", "Hulaquan.\u547c\u5566\u5708\u67e5\u8be2\u9644\u5361\u53f8", "ncatbot.help", "Hulaquan.\u6253\u5f00/\u5173\u95ed\u547c\u5566\u5708\u4e0a\u65b0\u63a8\u9001", "Hulaquan.\u547c\u5566\u5708\u67e5\u8be2", "Hulaquan.\u547c\u5566\u5708\u67e5\u8be2\u9644\u5361\u53f8", "ncatbot.help", "Hulaquan.\u6253\u5f00/\u5173\u95ed\u547c\u5566\u5708\u4e0a\u65b0\u63a8\u9001", "Hulaquan.\u547c\u5566\u5708\u67e5\u8be2", "Hulaquan.\u547c\u5566\u5708\u67e5\u8be2\u9644\u5361\u53f8", "ncatbot.help", "Hulaquan.\u6253\u5f00/\u5173\u95ed\u547c\u5566\u5708\u4e0a\u65b0\u63a8\u9001", "Hulaquan.\u547c\u5566\u5708\u67e5\u8be2", "Hulaquan.\u547c\u5566\u5708\u67e5\u8be2\u9644\u5361\u53f8", "Hulaquan.\u6253\u5f00/\u5173\u95ed\u547c\u5566\u5708\u4e0a\u65b0\u63a8\u9001", "Hulaquan.\u547c\u5566\u5708\u67e5\u8be2", "Hulaquan.\u547c\u5566\u5708\u67e5\u8be2\u9644\u5361\u53f8", "Hulaquan.\u6253\u5f00/\u5173\u95ed\u547c\u5566\u5708\u4e0a\u65b0\u63a8\u9001", "Hulaquan.\u547c\u5566\u5708\u67e5\u8be2", "Hulaquan.\u547c\u5566\u5708\u67e5\u8be2\u9644\u5361\u53f8", "ncatbot.help", "Hulaquan.\u6253\u5f00/\u5173\u95ed\u547c\u5566\u5708\u4e0a\u65b0\u63a8\u9001", "Hulaquan.\u547c\u5566\u5708\u67e5\u8be2", "Hulaquan.\u547c\u5566\u5708\u67e5\u8be2\u9644\u5361\u53f8", "ncatbot.help", "ncatbot.help", "Hulaquan.\u6253\u5f00/\u5173\u95ed\u547c\u5566\u5708\u4e0a\u65b0\u63a8\u9001", "Hulaquan.\u547c\u5566\u5708\u67e5\u8be2", "Hulaquan.\u547c\u5566\u5708\u67e5\u8be2\u9644\u5361\u53f8", "ncatbot.help", "ncatbot.help", "ncatbot.help", "Hulaquan.\u6253\u5f00/\u5173\u95ed\u547c\u5566\u5708\u4e0a\u65b0\u63a8\u9001", "Hulaquan.\u547c\u5566\u5708\u67e5\u8be2", "Hulaquan.\u547c\u5566\u5708\u67e5\u8be2\u9644\u5361\u53f8", "Hulaquan.\u6253\u5f00/\u5173\u95ed\u547c\u5566\u5708\u4e0a\u65b0\u63a8\u9001", "Hulaquan.\u547c\u5566\u5708\u67e5\u8be2", "Hulaquan.\u547c\u5566\u5708\u67e5\u8be2\u9644\u5361\u53f8", "Hulaquan.\u6253\u5f00/\u5173\u95ed\u547c\u5566\u5708\u4e0a\u65b0\u63a8\u9001", "Hulaquan.\u547c\u5566\u5708\u67e5\u8be2", "Hulaquan.\u547c\u5566\u5708\u67e5\u8be2\u9644\u5361\u53f8", "ncatbot.help", "Hulaquan.\u6253\u5f00/\u5173\u95ed\u547c\u5566\u5708\u4e0a\u65b0\u63a8\u9001", "Hulaquan.\u547c\u5566\u5708\u67e5\u8be2", "Hulaquan.\u547c\u5566\u5708\u67e5\u8be2\u9644\u5361\u53f8", "ncatbot.help", "Hulaquan.\u6253\u5f00/\u5173\u95ed\u547c\u5566\u5708\u4e0a\u65b0\u63a8\u9001", "Hulaquan.\u547c\u5566\u5708\u67e5\u8be2", "Hulaquan.\u547c\u5566\u5708\u67e5\u8be2\u9644\u5361\u53f8", "ncatbot.help", "Hulaquan.\u6253\u5f00/\u5173\u95ed\u547c\u5566\u5708\u4e0a\u65b0\u63a8\u9001", "Hulaquan.\u547c\u5566\u5708\u67e5\u8be2", "Hulaquan.\u547c\u5566\u5708\u67e5\u8be2\u9644\u5361\u53f8", "ncatbot.help", "Hulaquan.\u6253\u5f00/\u5173\u95ed\u547c\u5566\u5708\u4e0a\u65b0\u63a8\u9001", "Hulaquan.\u547c\u5566\u5708\u67e5\u8be2", "Hulaquan.\u547c\u5566\u5708\u67e5\u8be2\u9644\u5361\u53f8", "ncatbot.help", "Hulaquan.\u6253\u5f00/\u5173\u95ed\u547c\u5566\u5708\u4e0a\u65b0\u63a8\u9001", "Hulaquan.\u547c\u5566\u5708\u67e5\u8be2", "Hulaquan.\u547c\u5566\u5708\u67e5\u8be2\u9644\u5361\u53f8", "Hulaquan.\u6253\u5f00/\u5173\u95ed\u547c\u5566\u5708\u4e0a\u65b0\u63a8\u9001", "Hulaquan.\u547c\u5566\u5708\u67e5\u8be2", "Hulaquan.\u547c\u5566\u5708\u67e5\u8be2\u9644\u5361\u53f8", "Hulaquan.\u6253\u5f00/\u5173\u95ed\u547c\u5566\u5708\u4e0a\u65b0\u63a8\u9001", "Hulaquan.\u547c\u5566\u5708\u67e5\u8be2", "Hulaquan.\u547c\u5566\u5708\u67e5\u8be2\u9644\u5361\u53f8", "Hulaquan.\u6253\u5f00/\u5173\u95ed\u547c\u5566\u5708\u4e0a\u65b0\u63a8\u9001", "Hulaquan.\u547c\u5566\u5708\u67e5\u8be2", "Hulaquan.\u547c\u5566\u5708\u67e5\u8be2\u9644\u5361\u53f8", "ncatbot.help", "Hulaquan.\u6253\u5f00/\u5173\u95ed\u547c\u5566\u5708\u4e0a\u65b0\u63a8\u9001", "Hulaquan.\u547c\u5566\u5708\u67e5\u8be2", "Hulaquan.\u547c\u5566\u5708\u67e5\u8be2\u9644\u5361\u53f8", "ncatbot.help", "Hulaquan.\u6253\u5f00/\u5173\u95ed\u547c\u5566\u5708\u4e0a\u65b0\u63a8\u9001", "Hulaquan.\u547c\u5566\u5708\u67e5\u8be2", "Hulaquan.\u547c\u5566\u5708\u67e5\u8be2\u9644\u5361\u53f8", "Hulaquan.\u6253\u5f00/\u5173\u95ed\u547c\u5566\u5708\u4e0a\u65b0\u63a8\u9001", "Hulaquan.\u547c\u5566\u5708\u67e5\u8be2", "Hulaquan.\u547c\u5566\u5708\u67e5\u8be2\u9644\u5361\u53f8", "Hulaquan.\u6253\u5f00/\u5173\u95ed\u547c\u5566\u5708\u4e0a\u65b0\u63a8\u9001", "Hulaquan.\u547c\u5566\u5708\u67e5\u8be2", "Hulaquan.\u547c\u5566\u5708\u67e5\u8be2\u9644\u5361\u53f8", "ncatbot.help", "ncatbot.help", "ncatbot.help", "ncatbot.help", "ncatbot.help", "Hulaquan.\u6253\u5f00/\u5173\u95ed\u547c\u5566\u5708\u4e0a\u65b0\u63a8\u9001", "Hulaquan.\u547c\u5566\u5708\u67e5\u8be2", "Hulaquan.\u547c\u5566\u5708\u67e5\u8be2\u9644\u5361\u53f8", "ncatbot.help", "Hulaquan.\u6253\u5f00/\u5173\u95ed\u547c\u5566\u5708\u4e0a\u65b0\u63a8\u9001", "Hulaquan.\u547c\u5566\u5708\u67e5\u8be2", "Hulaquan.\u547c\u5566\u5708\u67e5\u8be2\u9644\u5361\u53f8", "Hulaquan.\u6253\u5f00/\u5173\u95ed\u547c\u5566\u5708\u4e0a\u65b0\u63a8\u9001", "Hulaquan.\u547c\u5566\u5708\u67e5\u8be2", "Hulaquan.\u547c\u5566\u5708\u67e5\u8be2\u9644\u5361\u53f8", "Hulaquan.\u6253\u5f00/\u5173\u95ed\u547c\u5566\u5708\u4e0a\u65b0\u63a8\u9001", "Hulaquan.\u547c\u5566\u5708\u67e5\u8be2", "Hulaquan.\u547c\u5566\u5708\u67e5\u8be2\u9644\u5361\u53f8", "ncatbot.help", "Hulaquan.\u6253\u5f00/\u5173\u95ed\u547c\u5566\u5708\u4e0a\u65b0\u63a8\u9001", "Hulaquan.\u547c\u5566\u5708\u67e5\u8be2", "Hulaquan.\u547c\u5566\u5708\u67e5\u8be2\u9644\u5361\u53f8", "ncatbot.help", "Hulaquan.\u6253\u5f00/\u5173\u95ed\u547c\u5566\u5708\u4e0a\u65b0\u63a8\u9001", "Hulaquan.\u547c\u5566\u5708\u67e5\u8be2", "Hulaquan.\u547c\u5566\u5708\u67e5\u8be2\u9644\u5361\u53f8", "ncatbot.help", "Hulaquan.\u6253\u5f00/\u5173\u95ed\u547c\u5566\u5708\u4e0a\u65b0\u63a8\u9001", "Hulaquan.\u547c\u5566\u5708\u67e5\u8be2", "Hulaquan.\u547c\u5566\u5708\u67e5\u8be2\u9644\u5361\u53f8"], "black_permissions_list": []}}, "users": {"user-3022402752": {"white_permissions_list": [], "black_permissions_list": [], "role_list": ["user", "root"]}}, "permissions_trie_paths": {"ncatbot": {"cfg": {"main": {"placeholder": {}}, "hulaquan": {"scheduled_task_time": {}, "scheduled_task_switch": {}}}, "sm": {}, "plg": {}, "acs": {}, "reload": {}, "help": {}}, "adminplugin": {"op": {}, "deop": {}, "exec": {}, "debug": {}}, "hulaquan": {"\u6253\u5f00/\u5173\u95ed\u547c\u5566\u5708\u4e0a\u65b0\u63a8\u9001": {}, "\u5f00\u542f/\u5173\u95ed\u547c\u5566\u5708\u5b9a\u65f6\u67e5\u8be2\u66f4\u65b0\u6570\u636e": {}, "\u547c\u5566\u5708\u67e5\u8be2": {}, "\u547c\u5566\u5708\u67e5\u8be2\u9644\u5361\u53f8": {}}}, "role_inheritance": {"root": ["admin"], "admin": ["user"]}}